{
  "cosine_geom": 0.5253751873970032,
  "cosine_emb": 0.40619224309921265,
  "cosine_fused": 0.45386542081832887,
  "thr_geom": 0.85,
  "thr_emb": 0.55,
  "thr_fused": 0.67,
  "best_rot_deg": 270,
  "best_pad": 0.0,
  "doc_kps5": [
    [
      145.90997314453125,
      32.027862548828125
    ],
    [
      121.0498046875,
      145.67364501953125
    ],
    [
      60.50457000732422,
      66.65446472167969
    ],
    [
      5.666154861450195,
      7.440878868103027
    ],
    [
      -18.439109802246094,
      101.3337631225586
    ]
  ],
  "selfie_kps5": [
    [
      100.96508026123047,
      166.3379364013672
    ],
    [
      280.8193664550781,
      170.696533203125
    ],
    [
      193.25616455078125,
      302.56475830078125
    ],
    [
      121.88946533203125,
      395.7834777832031
    ],
    [
      248.5198516845703,
      399.11871337890625
    ]
  ],
  "doc_geom_details": {
    "NO": [
      -0.016633056104183197,
      -0.007174489554017782
    ],
    "mid_mouth": [
      -0.023465484380722046,
      0.05019894242286682
    ],
    "mouth_w": 1.0095065832138062,
    "nose_to_eye": 0.018114404752850533,
    "eye_to_mouth": 0.05541267246007919,
    "asym_mouth": 0.10873967409133911,
    "ang_eye_nose": 178.3540236427673,
    "ang_mouth_nose": 174.65653531606108
  },
  "selfie_geom_details": {
    "NO": [
      0.031187228858470917,
      0.7445559501647949
    ],
    "mid_mouth": [
      -0.0007755756378173828,
      1.2729040384292603
    ],
    "mouth_w": 0.7041096091270447,
    "nose_to_eye": 0.7452089190483093,
    "eye_to_mouth": 1.2729042768478394,
    "asym_mouth": 0.0016499757766723633,
    "ang_eye_nose": 67.70187079752083,
    "ang_mouth_nose": 67.22218721282377
  },
  "doc_quality": {
    "h": 154,
    "w": 188,
    "brightness": 156.55643824260846,
    "sharpness": 3569.021684994128
  },
  "selfie_quality": {
    "h": 531,
    "w": 372,
    "brightness": 126.58201202843084,
    "sharpness": 1438.0446810405488
  }
}